{"cameraMode":{"drawMode":0,"name":"Shaded","section":"Shading Mode"},"sceneLighting":true,"audioPlay":false,"sceneViewState":{"m_AlwaysRefresh":false,"showFog":true,"showSkybox":true,"showFlares":true,"showImageEffects":true,"showParticleSystems":true,"showVisualEffectGraphs":true,"m_FxEnabled":true},"in2DMode":false,"pivot":{"x":60.203285217285159,"y":8.397865295410157,"z":0.6132316589355469},"rotation":{"x":-0.00832593534141779,"y":0.9724703431129456,"z":-0.2305782586336136,"w":-0.03471098095178604},"size":24.499921798706056,"orthographic":true}