{"cameraMode":{"drawMode":0,"name":"Shaded","section":"Shading Mode"},"sceneLighting":true,"audioPlay":false,"sceneViewState":{"m_AlwaysRefresh":false,"showFog":true,"showSkybox":true,"showFlares":true,"showImageEffects":true,"showParticleSystems":true,"showVisualEffectGraphs":true,"m_FxEnabled":true},"in2DMode":false,"pivot":{"x":60.203285217285159,"y":8.397865295410157,"z":0.6132316589355469},"rotation":{"x":0.16848182678222657,"y":0.07556640356779099,"z":-0.01351895835250616,"w":0.982881486415863},"size":34.45214080810547,"orthographic":true}