{"cameraMode":{"drawMode":0,"name":"Shaded","section":"Shading Mode"},"sceneLighting":true,"audioPlay":false,"sceneViewState":{"m_AlwaysRefresh":false,"showFog":true,"showSkybox":true,"showFlares":true,"showImageEffects":true,"showParticleSystems":true,"showVisualEffectGraphs":true,"m_FxEnabled":true},"in2DMode":false,"pivot":{"x":60.203285217285159,"y":8.397865295410157,"z":0.6132316589355469},"rotation":{"x":-0.008086581714451313,"y":-0.9786588549613953,"z":0.2012990266084671,"w":-0.04483969509601593},"size":31.530616760253908,"orthographic":true}